id,emotion,audio_filename,dataset,feature
1,angry,angry_001.wav,TESS,MFCC
2,angry,angry_002.wav,TESS,MFCC
3,angry,angry_003.wav,TESS,MFCC
4,angry,angry_004.wav,TESS,MFCC
5,angry,angry_005.wav,TESS,MFCC
6,angry,angry_006.wav,TESS,MFCC
7,angry,angry_007.wav,TESS,MFCC
8,angry,angry_008.wav,TESS,MFCC
9,angry,angry_009.wav,TESS,MFCC
10,angry,angry_010.wav,TESS,MFCC
11,angry,angry_011.wav,TESS,MFCC
12,angry,angry_012.wav,TESS,MFCC
13,angry,angry_013.wav,TESS,MFCC
14,angry,angry_014.wav,TESS,MFCC
15,angry,angry_015.wav,TESS,MFCC
16,angry,angry_016.wav,TESS,MFCC
17,angry,angry_017.wav,TESS,MFCC
18,angry,angry_018.wav,TESS,MFCC
19,angry,angry_019.wav,TESS,MFCC
20,angry,angry_020.wav,TESS,MFCC
21,angry,angry_021.wav,TESS,MFCC
22,angry,angry_022.wav,TESS,MFCC
23,angry,angry_023.wav,TESS,MFCC
24,angry,angry_024.wav,TESS,MFCC
25,angry,angry_025.wav,TESS,MFCC
26,angry,angry_026.wav,TESS,MFCC
27,angry,angry_027.wav,TESS,MFCC
28,angry,angry_028.wav,TESS,MFCC
29,angry,angry_029.wav,TESS,MFCC
30,angry,angry_030.wav,TESS,MFCC
31,angry,angry_031.wav,TESS,MFCC
32,angry,angry_032.wav,TESS,MFCC
33,angry,angry_033.wav,TESS,MFCC
34,angry,angry_034.wav,TESS,MFCC
35,angry,angry_035.wav,TESS,MFCC
36,angry,angry_036.wav,TESS,MFCC
37,angry,angry_037.wav,TESS,MFCC
38,angry,angry_038.wav,TESS,MFCC
39,angry,angry_039.wav,TESS,MFCC
40,angry,angry_040.wav,TESS,MFCC
41,angry,angry_041.wav,TESS,MFCC
42,angry,angry_042.wav,TESS,MFCC
43,angry,angry_043.wav,TESS,MFCC
44,angry,angry_044.wav,TESS,MFCC
45,angry,angry_045.wav,TESS,MFCC
46,angry,angry_046.wav,TESS,MFCC
47,angry,angry_047.wav,TESS,MFCC
48,angry,angry_048.wav,TESS,MFCC
49,angry,angry_049.wav,TESS,MFCC
50,angry,angry_050.wav,TESS,MFCC
51,angry,angry_051.wav,TESS,MFCC
52,angry,angry_052.wav,TESS,MFCC
53,angry,angry_053.wav,TESS,MFCC
54,angry,angry_054.wav,TESS,MFCC
55,angry,angry_055.wav,TESS,MFCC
56,angry,angry_056.wav,TESS,MFCC
57,angry,angry_057.wav,TESS,MFCC
58,angry,angry_058.wav,TESS,MFCC
59,angry,angry_059.wav,TESS,MFCC
60,angry,angry_060.wav,TESS,MFCC
61,angry,angry_061.wav,TESS,MFCC
62,angry,angry_062.wav,TESS,MFCC
63,angry,angry_063.wav,TESS,MFCC
64,angry,angry_064.wav,TESS,MFCC
65,angry,angry_065.wav,TESS,MFCC
66,angry,angry_066.wav,TESS,MFCC
67,angry,angry_067.wav,TESS,MFCC
68,angry,angry_068.wav,TESS,MFCC
69,angry,angry_069.wav,TESS,MFCC
70,angry,angry_070.wav,TESS,MFCC
71,angry,angry_071.wav,TESS,MFCC
72,angry,angry_072.wav,TESS,MFCC
73,angry,angry_073.wav,TESS,MFCC
74,angry,angry_074.wav,TESS,MFCC
75,angry,angry_075.wav,TESS,MFCC
76,angry,angry_076.wav,TESS,MFCC
77,angry,angry_077.wav,TESS,MFCC
78,angry,angry_078.wav,TESS,MFCC
79,angry,angry_079.wav,TESS,MFCC
80,angry,angry_080.wav,TESS,MFCC
81,angry,angry_081.wav,TESS,MFCC
82,angry,angry_082.wav,TESS,MFCC
83,angry,angry_083.wav,TESS,MFCC
84,angry,angry_084.wav,TESS,MFCC
85,angry,angry_085.wav,TESS,MFCC
86,angry,angry_086.wav,TESS,MFCC
87,angry,angry_087.wav,TESS,MFCC
88,angry,angry_088.wav,TESS,MFCC
89,angry,angry_089.wav,TESS,MFCC
90,angry,angry_090.wav,TESS,MFCC
91,angry,angry_091.wav,TESS,MFCC
92,angry,angry_092.wav,TESS,MFCC
93,angry,angry_093.wav,TESS,MFCC
94,angry,angry_094.wav,TESS,MFCC
95,angry,angry_095.wav,TESS,MFCC
96,angry,angry_096.wav,TESS,MFCC
97,angry,angry_097.wav,TESS,MFCC
98,angry,angry_098.wav,TESS,MFCC
99,angry,angry_099.wav,TESS,MFCC
100,angry,angry_100.wav,TESS,MFCC
101,angry,angry_101.wav,TESS,MFCC
102,angry,angry_102.wav,TESS,MFCC
103,angry,angry_103.wav,TESS,MFCC
104,angry,angry_104.wav,TESS,MFCC
105,angry,angry_105.wav,TESS,MFCC
106,angry,angry_106.wav,TESS,MFCC
107,angry,angry_107.wav,TESS,MFCC
108,angry,angry_108.wav,TESS,MFCC
109,angry,angry_109.wav,TESS,MFCC
110,angry,angry_110.wav,TESS,MFCC
111,angry,angry_111.wav,TESS,MFCC
112,angry,angry_112.wav,TESS,MFCC
113,angry,angry_113.wav,TESS,MFCC
114,angry,angry_114.wav,TESS,MFCC
115,angry,angry_115.wav,TESS,MFCC
116,angry,angry_116.wav,TESS,MFCC
117,angry,angry_117.wav,TESS,MFCC
118,angry,angry_118.wav,TESS,MFCC
119,angry,angry_119.wav,TESS,MFCC
120,angry,angry_120.wav,TESS,MFCC
121,angry,angry_121.wav,TESS,MFCC
122,angry,angry_122.wav,TESS,MFCC
123,angry,angry_123.wav,TESS,MFCC
124,angry,angry_124.wav,TESS,MFCC
125,angry,angry_125.wav,TESS,MFCC
126,angry,angry_126.wav,TESS,MFCC
127,angry,angry_127.wav,TESS,MFCC
128,angry,angry_128.wav,TESS,MFCC
129,angry,angry_129.wav,TESS,MFCC
130,angry,angry_130.wav,TESS,MFCC
131,angry,angry_131.wav,TESS,MFCC
132,angry,angry_132.wav,TESS,MFCC
133,angry,angry_133.wav,TESS,MFCC
134,angry,angry_134.wav,TESS,MFCC
135,angry,angry_135.wav,TESS,MFCC
136,angry,angry_136.wav,TESS,MFCC
137,angry,angry_137.wav,TESS,MFCC
138,angry,angry_138.wav,TESS,MFCC
139,angry,angry_139.wav,TESS,MFCC
140,angry,angry_140.wav,TESS,MFCC
141,angry,angry_141.wav,TESS,MFCC
142,angry,angry_142.wav,TESS,MFCC
143,angry,angry_143.wav,TESS,MFCC
144,disgust,disgust_001.wav,TESS,MFCC
145,disgust,disgust_002.wav,TESS,MFCC
146,disgust,disgust_003.wav,TESS,MFCC
147,disgust,disgust_004.wav,TESS,MFCC
148,disgust,disgust_005.wav,TESS,MFCC
149,disgust,disgust_006.wav,TESS,MFCC
150,disgust,disgust_007.wav,TESS,MFCC
151,disgust,disgust_008.wav,TESS,MFCC
152,disgust,disgust_009.wav,TESS,MFCC
153,disgust,disgust_010.wav,TESS,MFCC
154,disgust,disgust_011.wav,TESS,MFCC
155,disgust,disgust_012.wav,TESS,MFCC
156,disgust,disgust_013.wav,TESS,MFCC
157,disgust,disgust_014.wav,TESS,MFCC
158,disgust,disgust_015.wav,TESS,MFCC
159,disgust,disgust_016.wav,TESS,MFCC
160,disgust,disgust_017.wav,TESS,MFCC
161,disgust,disgust_018.wav,TESS,MFCC
162,disgust,disgust_019.wav,TESS,MFCC
163,disgust,disgust_020.wav,TESS,MFCC
164,disgust,disgust_021.wav,TESS,MFCC
165,disgust,disgust_022.wav,TESS,MFCC
166,disgust,disgust_023.wav,TESS,MFCC
167,disgust,disgust_024.wav,TESS,MFCC
168,disgust,disgust_025.wav,TESS,MFCC
169,disgust,disgust_026.wav,TESS,MFCC
170,disgust,disgust_027.wav,TESS,MFCC
171,disgust,disgust_028.wav,TESS,MFCC
172,disgust,disgust_029.wav,TESS,MFCC
173,disgust,disgust_030.wav,TESS,MFCC
174,disgust,disgust_031.wav,TESS,MFCC
175,disgust,disgust_032.wav,TESS,MFCC
176,disgust,disgust_033.wav,TESS,MFCC
177,disgust,disgust_034.wav,TESS,MFCC
178,disgust,disgust_035.wav,TESS,MFCC
179,disgust,disgust_036.wav,TESS,MFCC
180,disgust,disgust_037.wav,TESS,MFCC
181,disgust,disgust_038.wav,TESS,MFCC
182,disgust,disgust_039.wav,TESS,MFCC
183,disgust,disgust_040.wav,TESS,MFCC
184,disgust,disgust_041.wav,TESS,MFCC
185,disgust,disgust_042.wav,TESS,MFCC
186,disgust,disgust_043.wav,TESS,MFCC
187,disgust,disgust_044.wav,TESS,MFCC
188,disgust,disgust_045.wav,TESS,MFCC
189,disgust,disgust_046.wav,TESS,MFCC
190,disgust,disgust_047.wav,TESS,MFCC
191,disgust,disgust_048.wav,TESS,MFCC
192,disgust,disgust_049.wav,TESS,MFCC
193,disgust,disgust_050.wav,TESS,MFCC
194,disgust,disgust_051.wav,TESS,MFCC
195,disgust,disgust_052.wav,TESS,MFCC
196,disgust,disgust_053.wav,TESS,MFCC
197,disgust,disgust_054.wav,TESS,MFCC
198,disgust,disgust_055.wav,TESS,MFCC
199,disgust,disgust_056.wav,TESS,MFCC
200,disgust,disgust_057.wav,TESS,MFCC
201,disgust,disgust_058.wav,TESS,MFCC
202,disgust,disgust_059.wav,TESS,MFCC
203,disgust,disgust_060.wav,TESS,MFCC
204,disgust,disgust_061.wav,TESS,MFCC
205,disgust,disgust_062.wav,TESS,MFCC
206,disgust,disgust_063.wav,TESS,MFCC
207,disgust,disgust_064.wav,TESS,MFCC
208,disgust,disgust_065.wav,TESS,MFCC
209,disgust,disgust_066.wav,TESS,MFCC
210,disgust,disgust_067.wav,TESS,MFCC
211,disgust,disgust_068.wav,TESS,MFCC
212,disgust,disgust_069.wav,TESS,MFCC
213,disgust,disgust_070.wav,TESS,MFCC
214,disgust,disgust_071.wav,TESS,MFCC
215,disgust,disgust_072.wav,TESS,MFCC
216,disgust,disgust_073.wav,TESS,MFCC
217,disgust,disgust_074.wav,TESS,MFCC
218,disgust,disgust_075.wav,TESS,MFCC
219,disgust,disgust_076.wav,TESS,MFCC
220,disgust,disgust_077.wav,TESS,MFCC
221,disgust,disgust_078.wav,TESS,MFCC
222,disgust,disgust_079.wav,TESS,MFCC
223,disgust,disgust_080.wav,TESS,MFCC
224,disgust,disgust_081.wav,TESS,MFCC
225,disgust,disgust_082.wav,TESS,MFCC
226,disgust,disgust_083.wav,TESS,MFCC
227,disgust,disgust_084.wav,TESS,MFCC
228,disgust,disgust_085.wav,TESS,MFCC
229,disgust,disgust_086.wav,TESS,MFCC
230,disgust,disgust_087.wav,TESS,MFCC
231,disgust,disgust_088.wav,TESS,MFCC
232,disgust,disgust_089.wav,TESS,MFCC
233,disgust,disgust_090.wav,TESS,MFCC
234,disgust,disgust_091.wav,TESS,MFCC
235,disgust,disgust_092.wav,TESS,MFCC
236,disgust,disgust_093.wav,TESS,MFCC
237,disgust,disgust_094.wav,TESS,MFCC
238,disgust,disgust_095.wav,TESS,MFCC
239,disgust,disgust_096.wav,TESS,MFCC
240,disgust,disgust_097.wav,TESS,MFCC
241,disgust,disgust_098.wav,TESS,MFCC
242,disgust,disgust_099.wav,TESS,MFCC
243,disgust,disgust_100.wav,TESS,MFCC
244,disgust,disgust_101.wav,TESS,MFCC
245,disgust,disgust_102.wav,TESS,MFCC
246,disgust,disgust_103.wav,TESS,MFCC
247,disgust,disgust_104.wav,TESS,MFCC
248,disgust,disgust_105.wav,TESS,MFCC
249,disgust,disgust_106.wav,TESS,MFCC
250,disgust,disgust_107.wav,TESS,MFCC
251,disgust,disgust_108.wav,TESS,MFCC
252,disgust,disgust_109.wav,TESS,MFCC
253,disgust,disgust_110.wav,TESS,MFCC
254,disgust,disgust_111.wav,TESS,MFCC
255,disgust,disgust_112.wav,TESS,MFCC
256,disgust,disgust_113.wav,TESS,MFCC
257,disgust,disgust_114.wav,TESS,MFCC
258,disgust,disgust_115.wav,TESS,MFCC
259,disgust,disgust_116.wav,TESS,MFCC
260,disgust,disgust_117.wav,TESS,MFCC
261,disgust,disgust_118.wav,TESS,MFCC
262,disgust,disgust_119.wav,TESS,MFCC
263,disgust,disgust_120.wav,TESS,MFCC
264,disgust,disgust_121.wav,TESS,MFCC
265,disgust,disgust_122.wav,TESS,MFCC
266,disgust,disgust_123.wav,TESS,MFCC
267,disgust,disgust_124.wav,TESS,MFCC
268,disgust,disgust_125.wav,TESS,MFCC
269,disgust,disgust_126.wav,TESS,MFCC
270,disgust,disgust_127.wav,TESS,MFCC
271,disgust,disgust_128.wav,TESS,MFCC
272,disgust,disgust_129.wav,TESS,MFCC
273,disgust,disgust_130.wav,TESS,MFCC
274,disgust,disgust_131.wav,TESS,MFCC
275,disgust,disgust_132.wav,TESS,MFCC
276,disgust,disgust_133.wav,TESS,MFCC
277,disgust,disgust_134.wav,TESS,MFCC
278,disgust,disgust_135.wav,TESS,MFCC
279,disgust,disgust_136.wav,TESS,MFCC
280,disgust,disgust_137.wav,TESS,MFCC
281,disgust,disgust_138.wav,TESS,MFCC
282,disgust,disgust_139.wav,TESS,MFCC
283,disgust,disgust_140.wav,TESS,MFCC
284,disgust,disgust_141.wav,TESS,MFCC
285,disgust,disgust_142.wav,TESS,MFCC
286,disgust,disgust_143.wav,TESS,MFCC
287,fear,fear_001.wav,TESS,MFCC
288,fear,fear_002.wav,TESS,MFCC
289,fear,fear_003.wav,TESS,MFCC
290,fear,fear_004.wav,TESS,MFCC
291,fear,fear_005.wav,TESS,MFCC
292,fear,fear_006.wav,TESS,MFCC
293,fear,fear_007.wav,TESS,MFCC
294,fear,fear_008.wav,TESS,MFCC
295,fear,fear_009.wav,TESS,MFCC
296,fear,fear_010.wav,TESS,MFCC
297,fear,fear_011.wav,TESS,MFCC
298,fear,fear_012.wav,TESS,MFCC
299,fear,fear_013.wav,TESS,MFCC
300,fear,fear_014.wav,TESS,MFCC
301,fear,fear_015.wav,TESS,MFCC
302,fear,fear_016.wav,TESS,MFCC
303,fear,fear_017.wav,TESS,MFCC
304,fear,fear_018.wav,TESS,MFCC
305,fear,fear_019.wav,TESS,MFCC
306,fear,fear_020.wav,TESS,MFCC
307,fear,fear_021.wav,TESS,MFCC
308,fear,fear_022.wav,TESS,MFCC
309,fear,fear_023.wav,TESS,MFCC
310,fear,fear_024.wav,TESS,MFCC
311,fear,fear_025.wav,TESS,MFCC
312,fear,fear_026.wav,TESS,MFCC
313,fear,fear_027.wav,TESS,MFCC
314,fear,fear_028.wav,TESS,MFCC
315,fear,fear_029.wav,TESS,MFCC
316,fear,fear_030.wav,TESS,MFCC
317,fear,fear_031.wav,TESS,MFCC
318,fear,fear_032.wav,TESS,MFCC
319,fear,fear_033.wav,TESS,MFCC
320,fear,fear_034.wav,TESS,MFCC
321,fear,fear_035.wav,TESS,MFCC
322,fear,fear_036.wav,TESS,MFCC
323,fear,fear_037.wav,TESS,MFCC
324,fear,fear_038.wav,TESS,MFCC
325,fear,fear_039.wav,TESS,MFCC
326,fear,fear_040.wav,TESS,MFCC
327,fear,fear_041.wav,TESS,MFCC
328,fear,fear_042.wav,TESS,MFCC
329,fear,fear_043.wav,TESS,MFCC
330,fear,fear_044.wav,TESS,MFCC
331,fear,fear_045.wav,TESS,MFCC
332,fear,fear_046.wav,TESS,MFCC
333,fear,fear_047.wav,TESS,MFCC
334,fear,fear_048.wav,TESS,MFCC
335,fear,fear_049.wav,TESS,MFCC
336,fear,fear_050.wav,TESS,MFCC
337,fear,fear_051.wav,TESS,MFCC
338,fear,fear_052.wav,TESS,MFCC
339,fear,fear_053.wav,TESS,MFCC
340,fear,fear_054.wav,TESS,MFCC
341,fear,fear_055.wav,TESS,MFCC
342,fear,fear_056.wav,TESS,MFCC
343,fear,fear_057.wav,TESS,MFCC
344,fear,fear_058.wav,TESS,MFCC
345,fear,fear_059.wav,TESS,MFCC
346,fear,fear_060.wav,TESS,MFCC
347,fear,fear_061.wav,TESS,MFCC
348,fear,fear_062.wav,TESS,MFCC
349,fear,fear_063.wav,TESS,MFCC
350,fear,fear_064.wav,TESS,MFCC
351,fear,fear_065.wav,TESS,MFCC
352,fear,fear_066.wav,TESS,MFCC
353,fear,fear_067.wav,TESS,MFCC
354,fear,fear_068.wav,TESS,MFCC
355,fear,fear_069.wav,TESS,MFCC
356,fear,fear_070.wav,TESS,MFCC
357,fear,fear_071.wav,TESS,MFCC
358,fear,fear_072.wav,TESS,MFCC
359,fear,fear_073.wav,TESS,MFCC
360,fear,fear_074.wav,TESS,MFCC
361,fear,fear_075.wav,TESS,MFCC
362,fear,fear_076.wav,TESS,MFCC
363,fear,fear_077.wav,TESS,MFCC
364,fear,fear_078.wav,TESS,MFCC
365,fear,fear_079.wav,TESS,MFCC
366,fear,fear_080.wav,TESS,MFCC
367,fear,fear_081.wav,TESS,MFCC
368,fear,fear_082.wav,TESS,MFCC
369,fear,fear_083.wav,TESS,MFCC
370,fear,fear_084.wav,TESS,MFCC
371,fear,fear_085.wav,TESS,MFCC
372,fear,fear_086.wav,TESS,MFCC
373,fear,fear_087.wav,TESS,MFCC
374,fear,fear_088.wav,TESS,MFCC
375,fear,fear_089.wav,TESS,MFCC
376,fear,fear_090.wav,TESS,MFCC
377,fear,fear_091.wav,TESS,MFCC
378,fear,fear_092.wav,TESS,MFCC
379,fear,fear_093.wav,TESS,MFCC
380,fear,fear_094.wav,TESS,MFCC
381,fear,fear_095.wav,TESS,MFCC
382,fear,fear_096.wav,TESS,MFCC
383,fear,fear_097.wav,TESS,MFCC
384,fear,fear_098.wav,TESS,MFCC
385,fear,fear_099.wav,TESS,MFCC
386,fear,fear_100.wav,TESS,MFCC
387,fear,fear_101.wav,TESS,MFCC
388,fear,fear_102.wav,TESS,MFCC
389,fear,fear_103.wav,TESS,MFCC
390,fear,fear_104.wav,TESS,MFCC
391,fear,fear_105.wav,TESS,MFCC
392,fear,fear_106.wav,TESS,MFCC
393,fear,fear_107.wav,TESS,MFCC
394,fear,fear_108.wav,TESS,MFCC
395,fear,fear_109.wav,TESS,MFCC
396,fear,fear_110.wav,TESS,MFCC
397,fear,fear_111.wav,TESS,MFCC
398,fear,fear_112.wav,TESS,MFCC
399,fear,fear_113.wav,TESS,MFCC
400,fear,fear_114.wav,TESS,MFCC
401,fear,fear_115.wav,TESS,MFCC
402,fear,fear_116.wav,TESS,MFCC
403,fear,fear_117.wav,TESS,MFCC
404,fear,fear_118.wav,TESS,MFCC
405,fear,fear_119.wav,TESS,MFCC
406,fear,fear_120.wav,TESS,MFCC
407,fear,fear_121.wav,TESS,MFCC
408,fear,fear_122.wav,TESS,MFCC
409,fear,fear_123.wav,TESS,MFCC
410,fear,fear_124.wav,TESS,MFCC
411,fear,fear_125.wav,TESS,MFCC
412,fear,fear_126.wav,TESS,MFCC
413,fear,fear_127.wav,TESS,MFCC
414,fear,fear_128.wav,TESS,MFCC
415,fear,fear_129.wav,TESS,MFCC
416,fear,fear_130.wav,TESS,MFCC
417,fear,fear_131.wav,TESS,MFCC
418,fear,fear_132.wav,TESS,MFCC
419,fear,fear_133.wav,TESS,MFCC
420,fear,fear_134.wav,TESS,MFCC
421,fear,fear_135.wav,TESS,MFCC
422,fear,fear_136.wav,TESS,MFCC
423,fear,fear_137.wav,TESS,MFCC
424,fear,fear_138.wav,TESS,MFCC
425,fear,fear_139.wav,TESS,MFCC
426,fear,fear_140.wav,TESS,MFCC
427,fear,fear_141.wav,TESS,MFCC
428,fear,fear_142.wav,TESS,MFCC
429,fear,fear_143.wav,TESS,MFCC
430,happy,happy_001.wav,TESS,MFCC
431,happy,happy_002.wav,TESS,MFCC
432,happy,happy_003.wav,TESS,MFCC
433,happy,happy_004.wav,TESS,MFCC
434,happy,happy_005.wav,TESS,MFCC
435,happy,happy_006.wav,TESS,MFCC
436,happy,happy_007.wav,TESS,MFCC
437,happy,happy_008.wav,TESS,MFCC
438,happy,happy_009.wav,TESS,MFCC
439,happy,happy_010.wav,TESS,MFCC
440,happy,happy_011.wav,TESS,MFCC
441,happy,happy_012.wav,TESS,MFCC
442,happy,happy_013.wav,TESS,MFCC
443,happy,happy_014.wav,TESS,MFCC
444,happy,happy_015.wav,TESS,MFCC
445,happy,happy_016.wav,TESS,MFCC
446,happy,happy_017.wav,TESS,MFCC
447,happy,happy_018.wav,TESS,MFCC
448,happy,happy_019.wav,TESS,MFCC
449,happy,happy_020.wav,TESS,MFCC
450,happy,happy_021.wav,TESS,MFCC
451,happy,happy_022.wav,TESS,MFCC
452,happy,happy_023.wav,TESS,MFCC
453,happy,happy_024.wav,TESS,MFCC
454,happy,happy_025.wav,TESS,MFCC
455,happy,happy_026.wav,TESS,MFCC
456,happy,happy_027.wav,TESS,MFCC
457,happy,happy_028.wav,TESS,MFCC
458,happy,happy_029.wav,TESS,MFCC
459,happy,happy_030.wav,TESS,MFCC
460,happy,happy_031.wav,TESS,MFCC
461,happy,happy_032.wav,TESS,MFCC
462,happy,happy_033.wav,TESS,MFCC
463,happy,happy_034.wav,TESS,MFCC
464,happy,happy_035.wav,TESS,MFCC
465,happy,happy_036.wav,TESS,MFCC
466,happy,happy_037.wav,TESS,MFCC
467,happy,happy_038.wav,TESS,MFCC
468,happy,happy_039.wav,TESS,MFCC
469,happy,happy_040.wav,TESS,MFCC
470,happy,happy_041.wav,TESS,MFCC
471,happy,happy_042.wav,TESS,MFCC
472,happy,happy_043.wav,TESS,MFCC
473,happy,happy_044.wav,TESS,MFCC
474,happy,happy_045.wav,TESS,MFCC
475,happy,happy_046.wav,TESS,MFCC
476,happy,happy_047.wav,TESS,MFCC
477,happy,happy_048.wav,TESS,MFCC
478,happy,happy_049.wav,TESS,MFCC
479,happy,happy_050.wav,TESS,MFCC
480,happy,happy_051.wav,TESS,MFCC
481,happy,happy_052.wav,TESS,MFCC
482,happy,happy_053.wav,TESS,MFCC
483,happy,happy_054.wav,TESS,MFCC
484,happy,happy_055.wav,TESS,MFCC
485,happy,happy_056.wav,TESS,MFCC
486,happy,happy_057.wav,TESS,MFCC
487,happy,happy_058.wav,TESS,MFCC
488,happy,happy_059.wav,TESS,MFCC
489,happy,happy_060.wav,TESS,MFCC
490,happy,happy_061.wav,TESS,MFCC
491,happy,happy_062.wav,TESS,MFCC
492,happy,happy_063.wav,TESS,MFCC
493,happy,happy_064.wav,TESS,MFCC
494,happy,happy_065.wav,TESS,MFCC
495,happy,happy_066.wav,TESS,MFCC
496,happy,happy_067.wav,TESS,MFCC
497,happy,happy_068.wav,TESS,MFCC
498,happy,happy_069.wav,TESS,MFCC
499,happy,happy_070.wav,TESS,MFCC
500,happy,happy_071.wav,TESS,MFCC
501,happy,happy_072.wav,TESS,MFCC
502,happy,happy_073.wav,TESS,MFCC
503,happy,happy_074.wav,TESS,MFCC
504,happy,happy_075.wav,TESS,MFCC
505,happy,happy_076.wav,TESS,MFCC
506,happy,happy_077.wav,TESS,MFCC
507,happy,happy_078.wav,TESS,MFCC
508,happy,happy_079.wav,TESS,MFCC
509,happy,happy_080.wav,TESS,MFCC
510,happy,happy_081.wav,TESS,MFCC
511,happy,happy_082.wav,TESS,MFCC
512,happy,happy_083.wav,TESS,MFCC
513,happy,happy_084.wav,TESS,MFCC
514,happy,happy_085.wav,TESS,MFCC
515,happy,happy_086.wav,TESS,MFCC
516,happy,happy_087.wav,TESS,MFCC
517,happy,happy_088.wav,TESS,MFCC
518,happy,happy_089.wav,TESS,MFCC
519,happy,happy_090.wav,TESS,MFCC
520,happy,happy_091.wav,TESS,MFCC
521,happy,happy_092.wav,TESS,MFCC
522,happy,happy_093.wav,TESS,MFCC
523,happy,happy_094.wav,TESS,MFCC
524,happy,happy_095.wav,TESS,MFCC
525,happy,happy_096.wav,TESS,MFCC
526,happy,happy_097.wav,TESS,MFCC
527,happy,happy_098.wav,TESS,MFCC
528,happy,happy_099.wav,TESS,MFCC
529,happy,happy_100.wav,TESS,MFCC
530,happy,happy_101.wav,TESS,MFCC
531,happy,happy_102.wav,TESS,MFCC
532,happy,happy_103.wav,TESS,MFCC
533,happy,happy_104.wav,TESS,MFCC
534,happy,happy_105.wav,TESS,MFCC
535,happy,happy_106.wav,TESS,MFCC
536,happy,happy_107.wav,TESS,MFCC
537,happy,happy_108.wav,TESS,MFCC
538,happy,happy_109.wav,TESS,MFCC
539,happy,happy_110.wav,TESS,MFCC
540,happy,happy_111.wav,TESS,MFCC
541,happy,happy_112.wav,TESS,MFCC
542,happy,happy_113.wav,TESS,MFCC
543,happy,happy_114.wav,TESS,MFCC
544,happy,happy_115.wav,TESS,MFCC
545,happy,happy_116.wav,TESS,MFCC
546,happy,happy_117.wav,TESS,MFCC
547,happy,happy_118.wav,TESS,MFCC
548,happy,happy_119.wav,TESS,MFCC
549,happy,happy_120.wav,TESS,MFCC
550,happy,happy_121.wav,TESS,MFCC
551,happy,happy_122.wav,TESS,MFCC
552,happy,happy_123.wav,TESS,MFCC
553,happy,happy_124.wav,TESS,MFCC
554,happy,happy_125.wav,TESS,MFCC
555,happy,happy_126.wav,TESS,MFCC
556,happy,happy_127.wav,TESS,MFCC
557,happy,happy_128.wav,TESS,MFCC
558,happy,happy_129.wav,TESS,MFCC
559,happy,happy_130.wav,TESS,MFCC
560,happy,happy_131.wav,TESS,MFCC
561,happy,happy_132.wav,TESS,MFCC
562,happy,happy_133.wav,TESS,MFCC
563,happy,happy_134.wav,TESS,MFCC
564,happy,happy_135.wav,TESS,MFCC
565,happy,happy_136.wav,TESS,MFCC
566,happy,happy_137.wav,TESS,MFCC
567,happy,happy_138.wav,TESS,MFCC
568,happy,happy_139.wav,TESS,MFCC
569,happy,happy_140.wav,TESS,MFCC
570,happy,happy_141.wav,TESS,MFCC
571,happy,happy_142.wav,TESS,MFCC
572,happy,happy_143.wav,TESS,MFCC
573,neutral,neutral_001.wav,TESS,MFCC
574,neutral,neutral_002.wav,TESS,MFCC
575,neutral,neutral_003.wav,TESS,MFCC
576,neutral,neutral_004.wav,TESS,MFCC
577,neutral,neutral_005.wav,TESS,MFCC
578,neutral,neutral_006.wav,TESS,MFCC
579,neutral,neutral_007.wav,TESS,MFCC
580,neutral,neutral_008.wav,TESS,MFCC
581,neutral,neutral_009.wav,TESS,MFCC
582,neutral,neutral_010.wav,TESS,MFCC
583,neutral,neutral_011.wav,TESS,MFCC
584,neutral,neutral_012.wav,TESS,MFCC
585,neutral,neutral_013.wav,TESS,MFCC
586,neutral,neutral_014.wav,TESS,MFCC
587,neutral,neutral_015.wav,TESS,MFCC
588,neutral,neutral_016.wav,TESS,MFCC
589,neutral,neutral_017.wav,TESS,MFCC
590,neutral,neutral_018.wav,TESS,MFCC
591,neutral,neutral_019.wav,TESS,MFCC
592,neutral,neutral_020.wav,TESS,MFCC
593,neutral,neutral_021.wav,TESS,MFCC
594,neutral,neutral_022.wav,TESS,MFCC
595,neutral,neutral_023.wav,TESS,MFCC
596,neutral,neutral_024.wav,TESS,MFCC
597,neutral,neutral_025.wav,TESS,MFCC
598,neutral,neutral_026.wav,TESS,MFCC
599,neutral,neutral_027.wav,TESS,MFCC
600,neutral,neutral_028.wav,TESS,MFCC
601,neutral,neutral_029.wav,TESS,MFCC
602,neutral,neutral_030.wav,TESS,MFCC
603,neutral,neutral_031.wav,TESS,MFCC
604,neutral,neutral_032.wav,TESS,MFCC
605,neutral,neutral_033.wav,TESS,MFCC
606,neutral,neutral_034.wav,TESS,MFCC
607,neutral,neutral_035.wav,TESS,MFCC
608,neutral,neutral_036.wav,TESS,MFCC
609,neutral,neutral_037.wav,TESS,MFCC
610,neutral,neutral_038.wav,TESS,MFCC
611,neutral,neutral_039.wav,TESS,MFCC
612,neutral,neutral_040.wav,TESS,MFCC
613,neutral,neutral_041.wav,TESS,MFCC
614,neutral,neutral_042.wav,TESS,MFCC
615,neutral,neutral_043.wav,TESS,MFCC
616,neutral,neutral_044.wav,TESS,MFCC
617,neutral,neutral_045.wav,TESS,MFCC
618,neutral,neutral_046.wav,TESS,MFCC
619,neutral,neutral_047.wav,TESS,MFCC
620,neutral,neutral_048.wav,TESS,MFCC
621,neutral,neutral_049.wav,TESS,MFCC
622,neutral,neutral_050.wav,TESS,MFCC
623,neutral,neutral_051.wav,TESS,MFCC
624,neutral,neutral_052.wav,TESS,MFCC
625,neutral,neutral_053.wav,TESS,MFCC
626,neutral,neutral_054.wav,TESS,MFCC
627,neutral,neutral_055.wav,TESS,MFCC
628,neutral,neutral_056.wav,TESS,MFCC
629,neutral,neutral_057.wav,TESS,MFCC
630,neutral,neutral_058.wav,TESS,MFCC
631,neutral,neutral_059.wav,TESS,MFCC
632,neutral,neutral_060.wav,TESS,MFCC
633,neutral,neutral_061.wav,TESS,MFCC
634,neutral,neutral_062.wav,TESS,MFCC
635,neutral,neutral_063.wav,TESS,MFCC
636,neutral,neutral_064.wav,TESS,MFCC
637,neutral,neutral_065.wav,TESS,MFCC
638,neutral,neutral_066.wav,TESS,MFCC
639,neutral,neutral_067.wav,TESS,MFCC
640,neutral,neutral_068.wav,TESS,MFCC
641,neutral,neutral_069.wav,TESS,MFCC
642,neutral,neutral_070.wav,TESS,MFCC
643,neutral,neutral_071.wav,TESS,MFCC
644,neutral,neutral_072.wav,TESS,MFCC
645,neutral,neutral_073.wav,TESS,MFCC
646,neutral,neutral_074.wav,TESS,MFCC
647,neutral,neutral_075.wav,TESS,MFCC
648,neutral,neutral_076.wav,TESS,MFCC
649,neutral,neutral_077.wav,TESS,MFCC
650,neutral,neutral_078.wav,TESS,MFCC
651,neutral,neutral_079.wav,TESS,MFCC
652,neutral,neutral_080.wav,TESS,MFCC
653,neutral,neutral_081.wav,TESS,MFCC
654,neutral,neutral_082.wav,TESS,MFCC
655,neutral,neutral_083.wav,TESS,MFCC
656,neutral,neutral_084.wav,TESS,MFCC
657,neutral,neutral_085.wav,TESS,MFCC
658,neutral,neutral_086.wav,TESS,MFCC
659,neutral,neutral_087.wav,TESS,MFCC
660,neutral,neutral_088.wav,TESS,MFCC
661,neutral,neutral_089.wav,TESS,MFCC
662,neutral,neutral_090.wav,TESS,MFCC
663,neutral,neutral_091.wav,TESS,MFCC
664,neutral,neutral_092.wav,TESS,MFCC
665,neutral,neutral_093.wav,TESS,MFCC
666,neutral,neutral_094.wav,TESS,MFCC
667,neutral,neutral_095.wav,TESS,MFCC
668,neutral,neutral_096.wav,TESS,MFCC
669,neutral,neutral_097.wav,TESS,MFCC
670,neutral,neutral_098.wav,TESS,MFCC
671,neutral,neutral_099.wav,TESS,MFCC
672,neutral,neutral_100.wav,TESS,MFCC
673,neutral,neutral_101.wav,TESS,MFCC
674,neutral,neutral_102.wav,TESS,MFCC
675,neutral,neutral_103.wav,TESS,MFCC
676,neutral,neutral_104.wav,TESS,MFCC
677,neutral,neutral_105.wav,TESS,MFCC
678,neutral,neutral_106.wav,TESS,MFCC
679,neutral,neutral_107.wav,TESS,MFCC
680,neutral,neutral_108.wav,TESS,MFCC
681,neutral,neutral_109.wav,TESS,MFCC
682,neutral,neutral_110.wav,TESS,MFCC
683,neutral,neutral_111.wav,TESS,MFCC
684,neutral,neutral_112.wav,TESS,MFCC
685,neutral,neutral_113.wav,TESS,MFCC
686,neutral,neutral_114.wav,TESS,MFCC
687,neutral,neutral_115.wav,TESS,MFCC
688,neutral,neutral_116.wav,TESS,MFCC
689,neutral,neutral_117.wav,TESS,MFCC
690,neutral,neutral_118.wav,TESS,MFCC
691,neutral,neutral_119.wav,TESS,MFCC
692,neutral,neutral_120.wav,TESS,MFCC
693,neutral,neutral_121.wav,TESS,MFCC
694,neutral,neutral_122.wav,TESS,MFCC
695,neutral,neutral_123.wav,TESS,MFCC
696,neutral,neutral_124.wav,TESS,MFCC
697,neutral,neutral_125.wav,TESS,MFCC
698,neutral,neutral_126.wav,TESS,MFCC
699,neutral,neutral_127.wav,TESS,MFCC
700,neutral,neutral_128.wav,TESS,MFCC
701,neutral,neutral_129.wav,TESS,MFCC
702,neutral,neutral_130.wav,TESS,MFCC
703,neutral,neutral_131.wav,TESS,MFCC
704,neutral,neutral_132.wav,TESS,MFCC
705,neutral,neutral_133.wav,TESS,MFCC
706,neutral,neutral_134.wav,TESS,MFCC
707,neutral,neutral_135.wav,TESS,MFCC
708,neutral,neutral_136.wav,TESS,MFCC
709,neutral,neutral_137.wav,TESS,MFCC
710,neutral,neutral_138.wav,TESS,MFCC
711,neutral,neutral_139.wav,TESS,MFCC
712,neutral,neutral_140.wav,TESS,MFCC
713,neutral,neutral_141.wav,TESS,MFCC
714,neutral,neutral_142.wav,TESS,MFCC
715,neutral,neutral_143.wav,TESS,MFCC
716,pleasant_surprise,pleasant_surprise_001.wav,TESS,MFCC
717,pleasant_surprise,pleasant_surprise_002.wav,TESS,MFCC
718,pleasant_surprise,pleasant_surprise_003.wav,TESS,MFCC
719,pleasant_surprise,pleasant_surprise_004.wav,TESS,MFCC
720,pleasant_surprise,pleasant_surprise_005.wav,TESS,MFCC
721,pleasant_surprise,pleasant_surprise_006.wav,TESS,MFCC
722,pleasant_surprise,pleasant_surprise_007.wav,TESS,MFCC
723,pleasant_surprise,pleasant_surprise_008.wav,TESS,MFCC
724,pleasant_surprise,pleasant_surprise_009.wav,TESS,MFCC
725,pleasant_surprise,pleasant_surprise_010.wav,TESS,MFCC
726,pleasant_surprise,pleasant_surprise_011.wav,TESS,MFCC
727,pleasant_surprise,pleasant_surprise_012.wav,TESS,MFCC
728,pleasant_surprise,pleasant_surprise_013.wav,TESS,MFCC
729,pleasant_surprise,pleasant_surprise_014.wav,TESS,MFCC
730,pleasant_surprise,pleasant_surprise_015.wav,TESS,MFCC
731,pleasant_surprise,pleasant_surprise_016.wav,TESS,MFCC
732,pleasant_surprise,pleasant_surprise_017.wav,TESS,MFCC
733,pleasant_surprise,pleasant_surprise_018.wav,TESS,MFCC
734,pleasant_surprise,pleasant_surprise_019.wav,TESS,MFCC
735,pleasant_surprise,pleasant_surprise_020.wav,TESS,MFCC
736,pleasant_surprise,pleasant_surprise_021.wav,TESS,MFCC
737,pleasant_surprise,pleasant_surprise_022.wav,TESS,MFCC
738,pleasant_surprise,pleasant_surprise_023.wav,TESS,MFCC
739,pleasant_surprise,pleasant_surprise_024.wav,TESS,MFCC
740,pleasant_surprise,pleasant_surprise_025.wav,TESS,MFCC
741,pleasant_surprise,pleasant_surprise_026.wav,TESS,MFCC
742,pleasant_surprise,pleasant_surprise_027.wav,TESS,MFCC
743,pleasant_surprise,pleasant_surprise_028.wav,TESS,MFCC
744,pleasant_surprise,pleasant_surprise_029.wav,TESS,MFCC
745,pleasant_surprise,pleasant_surprise_030.wav,TESS,MFCC
746,pleasant_surprise,pleasant_surprise_031.wav,TESS,MFCC
747,pleasant_surprise,pleasant_surprise_032.wav,TESS,MFCC
748,pleasant_surprise,pleasant_surprise_033.wav,TESS,MFCC
749,pleasant_surprise,pleasant_surprise_034.wav,TESS,MFCC
750,pleasant_surprise,pleasant_surprise_035.wav,TESS,MFCC
751,pleasant_surprise,pleasant_surprise_036.wav,TESS,MFCC
752,pleasant_surprise,pleasant_surprise_037.wav,TESS,MFCC
753,pleasant_surprise,pleasant_surprise_038.wav,TESS,MFCC
754,pleasant_surprise,pleasant_surprise_039.wav,TESS,MFCC
755,pleasant_surprise,pleasant_surprise_040.wav,TESS,MFCC
756,pleasant_surprise,pleasant_surprise_041.wav,TESS,MFCC
757,pleasant_surprise,pleasant_surprise_042.wav,TESS,MFCC
758,pleasant_surprise,pleasant_surprise_043.wav,TESS,MFCC
759,pleasant_surprise,pleasant_surprise_044.wav,TESS,MFCC
760,pleasant_surprise,pleasant_surprise_045.wav,TESS,MFCC
761,pleasant_surprise,pleasant_surprise_046.wav,TESS,MFCC
762,pleasant_surprise,pleasant_surprise_047.wav,TESS,MFCC
763,pleasant_surprise,pleasant_surprise_048.wav,TESS,MFCC
764,pleasant_surprise,pleasant_surprise_049.wav,TESS,MFCC
765,pleasant_surprise,pleasant_surprise_050.wav,TESS,MFCC
766,pleasant_surprise,pleasant_surprise_051.wav,TESS,MFCC
767,pleasant_surprise,pleasant_surprise_052.wav,TESS,MFCC
768,pleasant_surprise,pleasant_surprise_053.wav,TESS,MFCC
769,pleasant_surprise,pleasant_surprise_054.wav,TESS,MFCC
770,pleasant_surprise,pleasant_surprise_055.wav,TESS,MFCC
771,pleasant_surprise,pleasant_surprise_056.wav,TESS,MFCC
772,pleasant_surprise,pleasant_surprise_057.wav,TESS,MFCC
773,pleasant_surprise,pleasant_surprise_058.wav,TESS,MFCC
774,pleasant_surprise,pleasant_surprise_059.wav,TESS,MFCC
775,pleasant_surprise,pleasant_surprise_060.wav,TESS,MFCC
776,pleasant_surprise,pleasant_surprise_061.wav,TESS,MFCC
777,pleasant_surprise,pleasant_surprise_062.wav,TESS,MFCC
778,pleasant_surprise,pleasant_surprise_063.wav,TESS,MFCC
779,pleasant_surprise,pleasant_surprise_064.wav,TESS,MFCC
780,pleasant_surprise,pleasant_surprise_065.wav,TESS,MFCC
781,pleasant_surprise,pleasant_surprise_066.wav,TESS,MFCC
782,pleasant_surprise,pleasant_surprise_067.wav,TESS,MFCC
783,pleasant_surprise,pleasant_surprise_068.wav,TESS,MFCC
784,pleasant_surprise,pleasant_surprise_069.wav,TESS,MFCC
785,pleasant_surprise,pleasant_surprise_070.wav,TESS,MFCC
786,pleasant_surprise,pleasant_surprise_071.wav,TESS,MFCC
787,pleasant_surprise,pleasant_surprise_072.wav,TESS,MFCC
788,pleasant_surprise,pleasant_surprise_073.wav,TESS,MFCC
789,pleasant_surprise,pleasant_surprise_074.wav,TESS,MFCC
790,pleasant_surprise,pleasant_surprise_075.wav,TESS,MFCC
791,pleasant_surprise,pleasant_surprise_076.wav,TESS,MFCC
792,pleasant_surprise,pleasant_surprise_077.wav,TESS,MFCC
793,pleasant_surprise,pleasant_surprise_078.wav,TESS,MFCC
794,pleasant_surprise,pleasant_surprise_079.wav,TESS,MFCC
795,pleasant_surprise,pleasant_surprise_080.wav,TESS,MFCC
796,pleasant_surprise,pleasant_surprise_081.wav,TESS,MFCC
797,pleasant_surprise,pleasant_surprise_082.wav,TESS,MFCC
798,pleasant_surprise,pleasant_surprise_083.wav,TESS,MFCC
799,pleasant_surprise,pleasant_surprise_084.wav,TESS,MFCC
800,pleasant_surprise,pleasant_surprise_085.wav,TESS,MFCC
801,pleasant_surprise,pleasant_surprise_086.wav,TESS,MFCC
802,pleasant_surprise,pleasant_surprise_087.wav,TESS,MFCC
803,pleasant_surprise,pleasant_surprise_088.wav,TESS,MFCC
804,pleasant_surprise,pleasant_surprise_089.wav,TESS,MFCC
805,pleasant_surprise,pleasant_surprise_090.wav,TESS,MFCC
806,pleasant_surprise,pleasant_surprise_091.wav,TESS,MFCC
807,pleasant_surprise,pleasant_surprise_092.wav,TESS,MFCC
808,pleasant_surprise,pleasant_surprise_093.wav,TESS,MFCC
809,pleasant_surprise,pleasant_surprise_094.wav,TESS,MFCC
810,pleasant_surprise,pleasant_surprise_095.wav,TESS,MFCC
811,pleasant_surprise,pleasant_surprise_096.wav,TESS,MFCC
812,pleasant_surprise,pleasant_surprise_097.wav,TESS,MFCC
813,pleasant_surprise,pleasant_surprise_098.wav,TESS,MFCC
814,pleasant_surprise,pleasant_surprise_099.wav,TESS,MFCC
815,pleasant_surprise,pleasant_surprise_100.wav,TESS,MFCC
816,pleasant_surprise,pleasant_surprise_101.wav,TESS,MFCC
817,pleasant_surprise,pleasant_surprise_102.wav,TESS,MFCC
818,pleasant_surprise,pleasant_surprise_103.wav,TESS,MFCC
819,pleasant_surprise,pleasant_surprise_104.wav,TESS,MFCC
820,pleasant_surprise,pleasant_surprise_105.wav,TESS,MFCC
821,pleasant_surprise,pleasant_surprise_106.wav,TESS,MFCC
822,pleasant_surprise,pleasant_surprise_107.wav,TESS,MFCC
823,pleasant_surprise,pleasant_surprise_108.wav,TESS,MFCC
824,pleasant_surprise,pleasant_surprise_109.wav,TESS,MFCC
825,pleasant_surprise,pleasant_surprise_110.wav,TESS,MFCC
826,pleasant_surprise,pleasant_surprise_111.wav,TESS,MFCC
827,pleasant_surprise,pleasant_surprise_112.wav,TESS,MFCC
828,pleasant_surprise,pleasant_surprise_113.wav,TESS,MFCC
829,pleasant_surprise,pleasant_surprise_114.wav,TESS,MFCC
830,pleasant_surprise,pleasant_surprise_115.wav,TESS,MFCC
831,pleasant_surprise,pleasant_surprise_116.wav,TESS,MFCC
832,pleasant_surprise,pleasant_surprise_117.wav,TESS,MFCC
833,pleasant_surprise,pleasant_surprise_118.wav,TESS,MFCC
834,pleasant_surprise,pleasant_surprise_119.wav,TESS,MFCC
835,pleasant_surprise,pleasant_surprise_120.wav,TESS,MFCC
836,pleasant_surprise,pleasant_surprise_121.wav,TESS,MFCC
837,pleasant_surprise,pleasant_surprise_122.wav,TESS,MFCC
838,pleasant_surprise,pleasant_surprise_123.wav,TESS,MFCC
839,pleasant_surprise,pleasant_surprise_124.wav,TESS,MFCC
840,pleasant_surprise,pleasant_surprise_125.wav,TESS,MFCC
841,pleasant_surprise,pleasant_surprise_126.wav,TESS,MFCC
842,pleasant_surprise,pleasant_surprise_127.wav,TESS,MFCC
843,pleasant_surprise,pleasant_surprise_128.wav,TESS,MFCC
844,pleasant_surprise,pleasant_surprise_129.wav,TESS,MFCC
845,pleasant_surprise,pleasant_surprise_130.wav,TESS,MFCC
846,pleasant_surprise,pleasant_surprise_131.wav,TESS,MFCC
847,pleasant_surprise,pleasant_surprise_132.wav,TESS,MFCC
848,pleasant_surprise,pleasant_surprise_133.wav,TESS,MFCC
849,pleasant_surprise,pleasant_surprise_134.wav,TESS,MFCC
850,pleasant_surprise,pleasant_surprise_135.wav,TESS,MFCC
851,pleasant_surprise,pleasant_surprise_136.wav,TESS,MFCC
852,pleasant_surprise,pleasant_surprise_137.wav,TESS,MFCC
853,pleasant_surprise,pleasant_surprise_138.wav,TESS,MFCC
854,pleasant_surprise,pleasant_surprise_139.wav,TESS,MFCC
855,pleasant_surprise,pleasant_surprise_140.wav,TESS,MFCC
856,pleasant_surprise,pleasant_surprise_141.wav,TESS,MFCC
857,pleasant_surprise,pleasant_surprise_142.wav,TESS,MFCC
858,pleasant_surprise,pleasant_surprise_143.wav,TESS,MFCC
859,sad,sad_001.wav,TESS,MFCC
860,sad,sad_002.wav,TESS,MFCC
861,sad,sad_003.wav,TESS,MFCC
862,sad,sad_004.wav,TESS,MFCC
863,sad,sad_005.wav,TESS,MFCC
864,sad,sad_006.wav,TESS,MFCC
865,sad,sad_007.wav,TESS,MFCC
866,sad,sad_008.wav,TESS,MFCC
867,sad,sad_009.wav,TESS,MFCC
868,sad,sad_010.wav,TESS,MFCC
869,sad,sad_011.wav,TESS,MFCC
870,sad,sad_012.wav,TESS,MFCC
871,sad,sad_013.wav,TESS,MFCC
872,sad,sad_014.wav,TESS,MFCC
873,sad,sad_015.wav,TESS,MFCC
874,sad,sad_016.wav,TESS,MFCC
875,sad,sad_017.wav,TESS,MFCC
876,sad,sad_018.wav,TESS,MFCC
877,sad,sad_019.wav,TESS,MFCC
878,sad,sad_020.wav,TESS,MFCC
879,sad,sad_021.wav,TESS,MFCC
880,sad,sad_022.wav,TESS,MFCC
881,sad,sad_023.wav,TESS,MFCC
882,sad,sad_024.wav,TESS,MFCC
883,sad,sad_025.wav,TESS,MFCC
884,sad,sad_026.wav,TESS,MFCC
885,sad,sad_027.wav,TESS,MFCC
886,sad,sad_028.wav,TESS,MFCC
887,sad,sad_029.wav,TESS,MFCC
888,sad,sad_030.wav,TESS,MFCC
889,sad,sad_031.wav,TESS,MFCC
890,sad,sad_032.wav,TESS,MFCC
891,sad,sad_033.wav,TESS,MFCC
892,sad,sad_034.wav,TESS,MFCC
893,sad,sad_035.wav,TESS,MFCC
894,sad,sad_036.wav,TESS,MFCC
895,sad,sad_037.wav,TESS,MFCC
896,sad,sad_038.wav,TESS,MFCC
897,sad,sad_039.wav,TESS,MFCC
898,sad,sad_040.wav,TESS,MFCC
899,sad,sad_041.wav,TESS,MFCC
900,sad,sad_042.wav,TESS,MFCC
901,sad,sad_043.wav,TESS,MFCC
902,sad,sad_044.wav,TESS,MFCC
903,sad,sad_045.wav,TESS,MFCC
904,sad,sad_046.wav,TESS,MFCC
905,sad,sad_047.wav,TESS,MFCC
906,sad,sad_048.wav,TESS,MFCC
907,sad,sad_049.wav,TESS,MFCC
908,sad,sad_050.wav,TESS,MFCC
909,sad,sad_051.wav,TESS,MFCC
910,sad,sad_052.wav,TESS,MFCC
911,sad,sad_053.wav,TESS,MFCC
912,sad,sad_054.wav,TESS,MFCC
913,sad,sad_055.wav,TESS,MFCC
914,sad,sad_056.wav,TESS,MFCC
915,sad,sad_057.wav,TESS,MFCC
916,sad,sad_058.wav,TESS,MFCC
917,sad,sad_059.wav,TESS,MFCC
918,sad,sad_060.wav,TESS,MFCC
919,sad,sad_061.wav,TESS,MFCC
920,sad,sad_062.wav,TESS,MFCC
921,sad,sad_063.wav,TESS,MFCC
922,sad,sad_064.wav,TESS,MFCC
923,sad,sad_065.wav,TESS,MFCC
924,sad,sad_066.wav,TESS,MFCC
925,sad,sad_067.wav,TESS,MFCC
926,sad,sad_068.wav,TESS,MFCC
927,sad,sad_069.wav,TESS,MFCC
928,sad,sad_070.wav,TESS,MFCC
929,sad,sad_071.wav,TESS,MFCC
930,sad,sad_072.wav,TESS,MFCC
931,sad,sad_073.wav,TESS,MFCC
932,sad,sad_074.wav,TESS,MFCC
933,sad,sad_075.wav,TESS,MFCC
934,sad,sad_076.wav,TESS,MFCC
935,sad,sad_077.wav,TESS,MFCC
936,sad,sad_078.wav,TESS,MFCC
937,sad,sad_079.wav,TESS,MFCC
938,sad,sad_080.wav,TESS,MFCC
939,sad,sad_081.wav,TESS,MFCC
940,sad,sad_082.wav,TESS,MFCC
941,sad,sad_083.wav,TESS,MFCC
942,sad,sad_084.wav,TESS,MFCC
943,sad,sad_085.wav,TESS,MFCC
944,sad,sad_086.wav,TESS,MFCC
945,sad,sad_087.wav,TESS,MFCC
946,sad,sad_088.wav,TESS,MFCC
947,sad,sad_089.wav,TESS,MFCC
948,sad,sad_090.wav,TESS,MFCC
949,sad,sad_091.wav,TESS,MFCC
950,sad,sad_092.wav,TESS,MFCC
951,sad,sad_093.wav,TESS,MFCC
952,sad,sad_094.wav,TESS,MFCC
953,sad,sad_095.wav,TESS,MFCC
954,sad,sad_096.wav,TESS,MFCC
955,sad,sad_097.wav,TESS,MFCC
956,sad,sad_098.wav,TESS,MFCC
957,sad,sad_099.wav,TESS,MFCC
958,sad,sad_100.wav,TESS,MFCC
959,sad,sad_101.wav,TESS,MFCC
960,sad,sad_102.wav,TESS,MFCC
961,sad,sad_103.wav,TESS,MFCC
962,sad,sad_104.wav,TESS,MFCC
963,sad,sad_105.wav,TESS,MFCC
964,sad,sad_106.wav,TESS,MFCC
965,sad,sad_107.wav,TESS,MFCC
966,sad,sad_108.wav,TESS,MFCC
967,sad,sad_109.wav,TESS,MFCC
968,sad,sad_110.wav,TESS,MFCC
969,sad,sad_111.wav,TESS,MFCC
970,sad,sad_112.wav,TESS,MFCC
971,sad,sad_113.wav,TESS,MFCC
972,sad,sad_114.wav,TESS,MFCC
973,sad,sad_115.wav,TESS,MFCC
974,sad,sad_116.wav,TESS,MFCC
975,sad,sad_117.wav,TESS,MFCC
976,sad,sad_118.wav,TESS,MFCC
977,sad,sad_119.wav,TESS,MFCC
978,sad,sad_120.wav,TESS,MFCC
979,sad,sad_121.wav,TESS,MFCC
980,sad,sad_122.wav,TESS,MFCC
981,sad,sad_123.wav,TESS,MFCC
982,sad,sad_124.wav,TESS,MFCC
983,sad,sad_125.wav,TESS,MFCC
984,sad,sad_126.wav,TESS,MFCC
985,sad,sad_127.wav,TESS,MFCC
986,sad,sad_128.wav,TESS,MFCC
987,sad,sad_129.wav,TESS,MFCC
988,sad,sad_130.wav,TESS,MFCC
989,sad,sad_131.wav,TESS,MFCC
990,sad,sad_132.wav,TESS,MFCC
991,sad,sad_133.wav,TESS,MFCC
992,sad,sad_134.wav,TESS,MFCC
993,sad,sad_135.wav,TESS,MFCC
994,sad,sad_136.wav,TESS,MFCC
995,sad,sad_137.wav,TESS,MFCC
996,sad,sad_138.wav,TESS,MFCC
997,sad,sad_139.wav,TESS,MFCC
998,sad,sad_140.wav,TESS,MFCC
999,sad,sad_141.wav,TESS,MFCC
1000,sad,sad_142.wav,TESS,MFCC
